Provinsi,Tahun,Produksi,Luas Panen,Curah hujan,Kelembapan,Suhu rata-rata,Produktivitas,Produksi_Lag1,Produksi_Lag2,Produktivitas_Lag1,Curah_Hujan_Mean_Provinsi,Curah_Hujan_Anomaly,Curah_Hujan_Kategori,Comfort_Index,Provinsi_Encoded,Curah_Hujan_Sedang,Curah_Hujan_Tinggi,Curah_Hujan_Sangat Tinggi
Aceh,1993,1329536.0,323589.0,1627.0,82.0,26.06,4.108718157910189,1618736.7728571428,1618736.7728571428,4.712601496109522,1485.7535714285714,141.24642857142862,Sedang,23.829199999999997,0,True,False,False
Aceh,1994,1299699.0,329041.0,1521.0,82.12,26.92,3.9499606432025187,1329536.0,1618736.7728571428,4.108718157910189,1485.7535714285714,35.24642857142862,Sedang,24.570304000000004,0,True,False,False
Aceh,1995,1382905.0,339253.0,1476.0,82.72,26.27,4.07632356972525,1299699.0,1329536.0,3.9499606432025187,1485.7535714285714,-9.753571428571377,Sedang,24.212144,0,True,False,False
Aceh,1996,1419128.0,348223.0,1557.0,83.0,26.08,4.075342524761432,1382905.0,1299699.0,4.07632356972525,1485.7535714285714,71.24642857142862,Sedang,24.1364,0,True,False,False
Aceh,1997,1368074.0,337561.0,1339.0,82.46,26.31,4.052820082888722,1419128.0,1382905.0,4.075342524761432,1485.7535714285714,-146.75357142857138,Sedang,24.169025999999995,0,True,False,False
Aceh,1998,1404580.0,365892.0,1465.0,82.6,26.84,3.8387830288719074,1368074.0,1419128.0,4.052820082888722,1485.7535714285714,-20.753571428571377,Sedang,24.64784,0,True,False,False
Aceh,1999,1478712.0,359817.0,1778.0,82.79,26.14,4.109622391382286,1404580.0,1368074.0,3.8387830288719074,1485.7535714285714,292.2464285714286,Sedang,24.125006000000003,0,True,False,False
Aceh,2000,1486909.0,336765.0,1974.7,87.9148,27.1,4.415271777055216,1478712.0,1404580.0,4.109622391382286,1485.7535714285714,488.94642857142867,Sedang,26.2865252,0,True,False,False
Aceh,2001,1547499.0,295212.0,1688.7,69.48,28.9,5.2419921954392095,1486909.0,1478712.0,4.415271777055216,1485.7535714285714,202.94642857142867,Sedang,19.523880000000002,0,True,False,False
Aceh,2002,1314165.0,315131.0,1296.8,68.75,29.2,4.170218099774379,1547499.0,1486909.0,5.2419921954392095,1485.7535714285714,-188.95357142857142,Sedang,19.1125,0,True,False,False
Aceh,2003,1246614.0,367636.0,1507.2,70.66,29.4,3.390892078033707,1314165.0,1547499.0,4.170218099774379,1485.7535714285714,21.44642857142867,Sedang,19.50216,0,True,False,False
Aceh,2004,1350748.0,370966.0,1097.0,80.84,29.4,3.6411638802477855,1246614.0,1314165.0,3.390892078033707,1485.7535714285714,-388.7535714285714,Sedang,22.31184,0,True,False,False
Aceh,2005,1411650.0,337893.0,710.5,79.5,26.8,4.177801848514175,1350748.0,1246614.0,3.6411638802477855,1485.7535714285714,-775.2535714285714,Rendah,23.691000000000003,0,False,False,False
Aceh,2006,1552078.0,320789.0,506.5,80.8,26.73,4.838314281350046,1411650.0,1350748.0,4.177801848514175,1485.7535714285714,-979.2535714285714,Rendah,24.021839999999997,0,False,False,False
Aceh,2007,1556858.0,360717.0,1414.0,81.5,26.38,4.3160095032948265,1552078.0,1411650.0,4.838314281350046,1485.7535714285714,-71.75357142857138,Sedang,23.944699999999997,0,True,False,False
Aceh,2008,1402287.0,329109.0,1270.4,78.5,27.0,4.2608588643883945,1556858.0,1552078.0,4.3160095032948265,1485.7535714285714,-215.35357142857129,Sedang,23.55,0,True,False,False
Aceh,2009,1533369.0,359375.0,1577.0,78.7,26.9,4.2667659130434785,1402287.0,1556858.0,4.2608588643883945,1485.7535714285714,91.24642857142862,Sedang,23.531299999999998,0,True,False,False
Aceh,2010,1788738.0,352281.0,1986.0,81.4,27.1,5.0775886295315384,1533369.0,1402287.0,4.2667659130434785,1485.7535714285714,500.2464285714286,Sedang,24.3386,0,True,False,False
Aceh,2011,1772962.0,380686.0,1268.0,79.4,27.1,4.657281854336645,1788738.0,1533369.0,5.0775886295315384,1485.7535714285714,-217.75357142857138,Sedang,23.7406,0,True,False,False
Aceh,2012,1582393.0,387803.0,1098.0,79.6,26.9,4.080404225856943,1772962.0,1788738.0,4.657281854336645,1485.7535714285714,-387.7535714285714,Sedang,23.800399999999996,0,True,False,False
Aceh,2013,2331046.0,419183.0,1623.6,80.7,27.0,5.560926850564074,1582393.0,1772962.0,4.080404225856943,1485.7535714285714,137.84642857142853,Sedang,24.21,0,True,False,False
Aceh,2014,1820062.0,376137.0,2264.4,78.3,27.1,4.838827342165222,2331046.0,1582393.0,5.560926850564074,1485.7535714285714,778.6464285714287,Tinggi,23.411699999999996,0,False,True,False
Aceh,2015,1956940.0,461060.0,1575.0,80.0,27.1,4.24443673274628,1820062.0,2331046.0,4.838827342165222,1485.7535714285714,89.24642857142862,Sedang,23.92,0,True,False,False
Aceh,2016,2180754.0,293067.0,1096.0,83.32,27.12,7.441144857660535,1956940.0,1820062.0,4.24443673274628,1485.7535714285714,-389.7535714285714,Sedang,24.896015999999996,0,True,False,False
Aceh,2017,2478922.0,294483.0,1905.9,85.57,26.51,8.417878111809511,2180754.0,1956940.0,7.441144857660535,1485.7535714285714,420.1464285714287,Sedang,25.251707,0,True,False,False
Aceh,2018,1751996.94,329515.78,1427.8,83.98,26.48,5.316883276424576,2478922.0,2180754.0,8.417878111809511,1485.7535714285714,-57.95357142857142,Sedang,24.757304,0,True,False,False
Aceh,2019,1714437.6,310012.46,1931.4,83.9,26.65,5.530221591738603,1751996.94,2478922.0,5.316883276424576,1485.7535714285714,445.6464285714287,Sedang,24.876350000000002,0,True,False,False
Aceh,2020,1861567.1,317869.41,1619.2,80.82,25.41,5.856389578349172,1714437.6,1751996.94,5.530221591738603,1485.7535714285714,133.44642857142867,Sedang,22.960962,0,True,False,False
Bengkulu,1993,356709.0,109807.0,4150.0,85.5,25.95,3.248508747165481,444964.84821428574,444964.84821428574,4.078857144577781,3228.0178571428573,921.9821428571427,Sangat Tinggi,24.75225,1,False,False,True
Bengkulu,1994,334232.0,104747.0,2043.0,85.32,25.68,3.1908503346157886,356709.0,444964.84821428574,3.248508747165481,3228.0178571428573,-1185.0178571428573,Tinggi,24.469776,1,False,True,False
Bengkulu,1995,377337.0,115914.0,4478.0,85.49,26.12,3.255318598271132,334232.0,356709.0,3.1908503346157886,3228.0178571428573,1249.9821428571427,Sangat Tinggi,24.894688000000002,1,False,False,True
Bengkulu,1996,396977.0,121929.0,3931.0,85.96,25.66,3.2558046075995044,377337.0,334232.0,3.255318598271132,3228.0178571428573,702.9821428571427,Sangat Tinggi,24.636135999999997,1,False,False,True
Bengkulu,1997,382123.0,113915.0,1167.0,84.0,25.84,3.354457270772067,396977.0,377337.0,3.2558046075995044,3228.0178571428573,-2061.0178571428573,Sedang,24.2256,1,True,False,False
Bengkulu,1998,375533.0,111158.0,4114.0,85.34,26.4,3.3783713272998797,382123.0,396977.0,3.354457270772067,3228.0178571428573,885.9821428571427,Sangat Tinggi,25.08996,1,False,False,True
Bengkulu,1999,381577.0,114788.0,3084.0,84.72,25.81,3.324188939610412,375533.0,382123.0,3.3783713272998797,3228.0178571428573,-144.01785714285734,Sangat Tinggi,24.407832,1,False,False,True
Bengkulu,2000,362979.0,108751.0,3254.0,84.73,24.22,3.33770723947366,381577.0,375533.0,3.324188939610412,3228.0178571428573,25.982142857142662,Sangat Tinggi,23.063506,1,False,False,True
Bengkulu,2001,376973.0,105212.0,3010.0,70.15,26.8,3.582984830627685,362979.0,381577.0,3.33770723947366,3228.0178571428573,-218.01785714285734,Sangat Tinggi,20.904700000000002,1,False,False,True
Bengkulu,2002,379818.0,109519.0,3076.0,68.7192,28.5,3.468055771144733,376973.0,362979.0,3.582984830627685,3228.0178571428573,-152.01785714285734,Sangat Tinggi,19.584972,1,False,False,True
Bengkulu,2003,413375.0,110550.0,3030.0,70.3,29.5,3.7392582541836275,379818.0,376973.0,3.468055771144733,3228.0178571428573,-198.01785714285734,Sangat Tinggi,19.3325,1,False,False,True
Bengkulu,2004,414741.0,110929.0,3277.0,84.28,29.6677,3.7387968880995954,413375.0,379818.0,3.7392582541836275,3228.0178571428573,48.98214285714266,Sangat Tinggi,23.03566244,1,False,False,True
Bengkulu,2005,441276.0,116818.0,3375.2,84.7,25.7,3.777465801503193,414741.0,413375.0,3.7387968880995954,3228.0178571428573,147.18214285714248,Sangat Tinggi,24.308899999999998,1,False,False,True
Bengkulu,2006,378377.0,100991.0,2313.8,83.3,26.1,3.746640789773346,441276.0,414741.0,3.777465801503193,3228.0178571428573,-914.2178571428572,Tinggi,24.2403,1,False,True,False
Bengkulu,2007,470469.0,123853.0,3150.0,84.2,26.4,3.7986080272581204,378377.0,441276.0,3.746640789773346,3228.0178571428573,-78.01785714285734,Sangat Tinggi,24.7548,1,False,False,True
Bengkulu,2008,484900.0,127506.0,3396.0,84.2,26.3,3.8029582921588005,470469.0,378377.0,3.7986080272581204,3228.0178571428573,167.98214285714266,Sangat Tinggi,24.670600000000004,1,False,False,True
Bengkulu,2009,510160.0,132975.0,3850.0,84.1,26.5,3.8365106222974243,484900.0,470469.0,3.8029582921588005,3228.0178571428573,621.9821428571427,Sangat Tinggi,24.8095,1,False,False,True
Bengkulu,2010,516869.0,133629.0,3822.0,84.0,26.8,3.8679403422909697,510160.0,484900.0,3.8365106222974243,3228.0178571428573,593.9821428571427,Sangat Tinggi,25.032,1,False,False,True
Bengkulu,2011,502552.0,127934.0,2465.7,82.52,26.35,3.928212984820298,516869.0,510160.0,3.8679403422909697,3228.0178571428573,-762.3178571428575,Tinggi,24.21962,1,False,True,False
Bengkulu,2012,581910.0,144448.0,2545.0,82.0,26.9,4.028508529020824,502552.0,516869.0,3.928212984820298,3228.0178571428573,-683.0178571428573,Tinggi,24.517999999999997,1,False,True,False
Bengkulu,2013,622832.0,147680.0,3980.9,83.93,26.7,4.217443120260022,581910.0,502552.0,4.028508529020824,3228.0178571428573,752.8821428571428,Sangat Tinggi,24.927210000000002,1,False,False,True
Bengkulu,2014,593194.0,147572.0,3323.0,83.7,26.9,4.019692082508877,622832.0,581910.0,4.217443120260022,3228.0178571428573,94.98214285714266,Sangat Tinggi,25.026300000000003,1,False,False,True
Bengkulu,2015,578654.0,128833.0,2668.9,83.2,27.0,4.491504505833133,593194.0,622832.0,4.019692082508877,3228.0178571428573,-559.1178571428572,Tinggi,24.96,1,False,True,False
Bengkulu,2016,629224.0,83449.0,3350.1,83.38,26.77,7.540222171625784,578654.0,593194.0,4.491504505833133,3228.0178571428573,122.08214285714257,Sangat Tinggi,24.822226,1,False,False,True
Bengkulu,2017,714017.0,82429.0,3949.8,84.2,26.52,8.66220626235912,629224.0,578654.0,7.540222171625784,3228.0178571428573,721.7821428571428,Sangat Tinggi,24.85584,1,False,False,True
Bengkulu,2018,288810.52,65891.16,3649.9,83.79,26.64,4.3831451745575585,714017.0,629224.0,8.66220626235912,3228.0178571428573,421.88214285714275,Sangat Tinggi,24.835356000000004,1,False,False,True
Bengkulu,2019,296472.07,64406.86,1786.2,83.26,26.56,4.603113239800853,288810.52,714017.0,4.3831451745575585,3228.0178571428573,-1441.8178571428573,Sedang,24.611656,1,True,False,False
Bengkulu,2020,296925.16,64137.28,4144.0,80.18,25.84,4.629525293245987,296472.07,288810.52,4.603113239800853,3228.0178571428573,915.9821428571427,Sangat Tinggi,23.123912,1,False,False,True
Jambi,1993,607529.0,199431.0,1954.0,83.81,26.29,3.0463117569485187,552863.8103571428,552863.8103571428,3.8372376130112493,1998.9897857142857,-44.989785714285745,Sedang,24.547949000000003,2,True,False,False
Jambi,1994,564722.0,184029.0,1824.0,81.25,25.51,3.068657657217069,607529.0,552863.8103571428,3.0463117569485187,1998.9897857142857,-174.98978571428574,Sedang,23.164375,2,True,False,False
Jambi,1995,593502.0,193666.0,2290.1,83.96,26.22,3.064564766143773,564722.0,607529.0,3.068657657217069,1998.9897857142857,291.11021428571416,Tinggi,24.533111999999996,2,False,True,False
Jambi,1996,657650.0,215975.0,2309.1,83.6,26.0,3.0450283597638617,593502.0,564722.0,3.064564766143773,1998.9897857142857,310.11021428571416,Tinggi,24.244,2,False,True,False
Jambi,1997,572269.0,190608.0,1030.1,80.64,26.5,3.002334634432972,657650.0,593502.0,3.0450283597638617,1998.9897857142857,-968.8897857142858,Sedang,23.788800000000002,2,True,False,False
Jambi,1998,550277.0,178766.0,2383.8,83.47,26.78,3.0781971963348735,572269.0,657650.0,3.002334634432972,1998.9897857142857,384.81021428571444,Tinggi,24.857366000000003,2,False,True,False
Jambi,1999,553641.0,178307.0,2429.3,83.25,26.34,3.1049874654388216,550277.0,572269.0,3.0781971963348735,1998.9897857142857,430.31021428571444,Tinggi,24.42555,2,False,True,False
Jambi,2000,536779.0,171395.0,840.3,84.85,27.76,3.1318241488958254,553641.0,550277.0,3.1049874654388216,1998.9897857142857,-1158.6897857142858,Rendah,24.810139999999997,2,False,False,False
Jambi,2001,556564.0,164826.0,2515.2,72.4,28.12,3.3766760098528144,536779.0,553641.0,3.1318241488958254,1998.9897857142857,516.2102142857141,Tinggi,20.90912,2,False,True,False
Jambi,2002,561007.0,165729.0,2044.5,70.77,28.82,3.3850864966300405,556564.0,536779.0,3.3766760098528144,1998.9897857142857,45.510214285714255,Tinggi,19.942986,2,False,True,False
Jambi,2003,578346.0,159463.0,2508.1,71.28,29.39,3.6268350651875356,561007.0,556564.0,3.3850864966300405,1998.9897857142857,509.11021428571416,Tinggi,19.680408,2,False,True,False
Jambi,2004,579404.0,156803.0,2561.0,82.74,28.95,3.6951078742115904,578346.0,561007.0,3.6268350651875356,1998.9897857142857,562.0102142857143,Tinggi,23.208569999999998,2,False,True,False
Jambi,2005,579635.0,154941.0,1015.7,84.8,26.8,3.741004640476052,579404.0,578346.0,3.6951078742115904,1998.9897857142857,-983.2897857142857,Sedang,25.2704,2,True,False,False
Jambi,2006,544597.0,140613.0,443.514,85.0,26.77,3.8730202755079546,579635.0,579404.0,3.741004640476052,1998.9897857142857,-1555.4757857142858,Rendah,25.304499999999997,2,False,False,False
Jambi,2007,58663.0,149888.0,2394.0,86.0,26.6,0.39137889624252775,544597.0,579635.0,3.8730202755079546,1998.9897857142857,395.01021428571426,Tinggi,25.456,2,False,True,False
Jambi,2008,581704.0,143034.0,2230.0,83.7,26.5,4.066893186235441,58663.0,544597.0,0.39137889624252775,1998.9897857142857,231.01021428571426,Tinggi,24.6915,2,False,True,False
Jambi,2009,644947.0,155802.0,2299.0,83.8,27.1,4.139529659439545,581704.0,58663.0,4.066893186235441,1998.9897857142857,300.01021428571426,Tinggi,25.056199999999997,2,False,True,False
Jambi,2010,628828.0,153897.0,3207.0,84.6,27.1,4.086031566567249,644947.0,581704.0,4.139529659439545,1998.9897857142857,1208.0102142857143,Sangat Tinggi,25.295399999999997,2,False,False,True
Jambi,2011,646641.0,157441.0,2295.0,82.5,26.9,4.107195711409354,628828.0,644947.0,4.086031566567249,1998.9897857142857,296.01021428571426,Tinggi,24.667499999999997,2,False,True,False
Jambi,2012,625164.0,149369.0,1874.0,81.4,26.7,4.185366441497232,646641.0,628828.0,4.107195711409354,1998.9897857142857,-124.98978571428574,Sedang,24.175800000000002,2,True,False,False
Jambi,2013,664535.0,153243.0,2093.0,83.42,26.8,4.3364786646045825,625164.0,646641.0,4.185366441497232,1998.9897857142857,94.01021428571426,Tinggi,24.859160000000003,2,False,True,False
Jambi,2014,664720.0,145990.0,1781.0,82.8,27.2,4.5531885745599014,664535.0,625164.0,4.3364786646045825,1998.9897857142857,-217.98978571428574,Sedang,24.6744,2,True,False,False
Jambi,2015,541486.0,122214.0,1694.9,82.1,27.0,4.430638061105929,664720.0,664535.0,4.5531885745599014,1998.9897857142857,-304.08978571428565,Sedang,24.63,2,True,False,False
Jambi,2016,642095.0,96588.0,1502.4,83.84,26.84,6.647771979956103,541486.0,664720.0,4.430638061105929,1998.9897857142857,-496.58978571428565,Sedang,25.017856000000002,2,True,False,False
Jambi,2017,678127.0,97690.0,2193.2,83.69,26.62,6.941621455624936,642095.0,541486.0,6.647771979956103,1998.9897857142857,194.21021428571407,Tinggi,24.788978,2,False,True,False
Jambi,2018,383045.74,86202.68,2182.3,82.23,26.62,4.443547926816197,678127.0,642095.0,6.941621455624936,1998.9897857142857,183.31021428571444,Tinggi,24.356526000000002,2,False,True,False
Jambi,2019,309932.68,69536.06,1773.4,81.44,26.94,4.457150433889985,383045.74,678127.0,4.443547926816197,1998.9897857142857,-225.58978571428565,Sedang,24.383136,2,True,False,False
Jambi,2020,374376.27,84772.93,2303.8,78.24,25.85,4.4162242593242915,309932.68,383045.74,4.457150433889985,1998.9897857142857,304.81021428571444,Tinggi,22.57224,2,False,True,False
Lampung,1993,1646900.0,433078.0,2306.7,84.82,26.41,3.802779176037573,2444067.7689285716,2444067.7689285716,4.7661084384431485,1925.3,381.39999999999986,Tinggi,24.945562,3,False,True,False
Lampung,1994,1615751.0,425940.0,2034.2,77.51,25.73,3.793377001455604,1646900.0,2444067.7689285716,3.802779176037573,1925.3,108.90000000000009,Tinggi,22.268623,3,False,True,False
Lampung,1995,1943709.0,514363.0,3039.4,82.81,26.43,3.778866287038531,1615751.0,1646900.0,3.793377001455604,1925.3,1114.1000000000001,Sangat Tinggi,24.370983000000003,3,False,False,True
Lampung,1996,1971740.0,515192.0,1934.9,82.61,26.27,3.827194521654063,1943709.0,1615751.0,3.778866287038531,1925.3,9.600000000000136,Sedang,24.179947,3,True,False,False
Lampung,1997,1753656.0,454087.0,1253.3,78.46,26.68,3.86193835102084,1971740.0,1943709.0,3.827194521654063,1925.3,-672.0,Sedang,23.286928,3,True,False,False
Lampung,1998,1975700.0,521575.0,2584.9,84.07,26.95,3.7879499592580164,1753656.0,1971740.0,3.86193835102084,1925.3,659.6000000000001,Tinggi,25.178964999999994,3,False,True,False
Lampung,1999,1801422.0,476899.0,2364.7,83.46,26.24,3.7773658573408624,1975700.0,1753656.0,3.7879499592580164,1925.3,439.39999999999986,Tinggi,24.403703999999994,3,False,True,False
Lampung,2000,1946406.0,496879.0,1488.5,82.86,28.2,3.917263559136128,1801422.0,1975700.0,3.7773658573408624,1925.3,-436.79999999999995,Sedang,23.863680000000002,3,True,False,False
Lampung,2001,1992726.0,501119.0,2013.1,77.83,26.71,3.9765524755596973,1946406.0,1801422.0,3.917263559136128,1925.3,87.79999999999995,Tinggi,23.123293,3,False,True,False
Lampung,2002,1951109.0,475461.0,2143.5,75.84,27.5,4.103615228168031,1992726.0,1946406.0,3.9765524755596973,1925.3,218.20000000000005,Tinggi,22.3728,3,False,True,False
Lampung,2003,1966293.0,472635.0,1682.2,68.7192,29.6677,4.160278015805008,1951109.0,1992726.0,4.103615228168031,1925.3,-243.0999999999999,Sedang,18.7825379016,3,True,False,False
Lampung,2004,2091996.0,495519.0,2042.9,81.47,29.66,4.221828022739794,1966293.0,1951109.0,4.160278015805008,1925.3,117.60000000000014,Tinggi,22.273898,3,False,True,False
Lampung,2005,2124144.0,496538.0,1612.8,79.6,26.59,4.277908236630429,2091996.0,1966293.0,4.221828022739794,1925.3,-312.5,Sedang,23.553639999999998,3,True,False,False
Lampung,2006,2129914.0,494102.0,560.3,74.6,26.18,4.310676742858762,2124144.0,2091996.0,4.277908236630429,1925.3,-1365.0,Rendah,21.76828,3,False,False,False
Lampung,2007,2308404.0,524955.0,1941.4,75.9,27.6,4.397336914592679,2129914.0,2124144.0,4.310676742858762,1925.3,16.100000000000136,Sedang,22.3146,3,True,False,False
Lampung,2008,2341075.0,506547.0,1940.1,79.0,26.4,4.621634320211155,2308404.0,2129914.0,4.397336914592679,1925.3,14.799999999999955,Sedang,23.226,3,True,False,False
Lampung,2009,2673844.0,570417.0,1789.0,79.1,26.7,4.687525091292861,2341075.0,2308404.0,4.621634320211155,1925.3,-136.29999999999995,Sedang,23.492699999999996,3,True,False,False
Lampung,2010,2807676.0,590608.0,2710.0,82.3,26.7,4.75387397393872,2673844.0,2341075.0,4.687525091292861,1925.3,784.7,Tinggi,24.443099999999998,3,False,True,False
Lampung,2011,2940795.0,606973.0,1568.0,77.8,26.8,4.845017817926004,2807676.0,2673844.0,4.75387397393872,1925.3,-357.29999999999995,Sedang,23.1844,3,True,False,False
Lampung,2012,3101455.0,641876.0,1685.0,79.2,26.8,4.831860047735076,2940795.0,2807676.0,4.845017817926004,1925.3,-240.29999999999995,Sedang,23.6016,3,True,False,False
Lampung,2013,3207002.0,638090.0,2456.7,81.0,26.7,5.025939914432134,3101455.0,2940795.0,4.831860047735076,1925.3,531.3999999999999,Tinggi,24.057000000000002,3,False,True,False
Lampung,2014,3320064.0,648731.0,1682.5,79.9,25.8,5.117782254894555,3207002.0,3101455.0,5.025939914432134,1925.3,-242.79999999999995,Sedang,23.011200000000002,3,True,False,False
Lampung,2015,3641895.0,707266.0,1628.1,78.9,27.1,5.149257846411393,3320064.0,3207002.0,5.117782254894555,1925.3,-297.20000000000005,Sedang,23.5911,3,True,False,False
Lampung,2016,3831923.0,390799.0,2317.6,79.4,26.45,9.805355182587467,3641895.0,3320064.0,5.149257846411393,1925.3,392.29999999999995,Tinggi,23.383300000000002,3,False,True,False
Lampung,2017,4090654.0,396559.0,1825.1,77.04,26.36,10.315372996199809,3831923.0,3641895.0,9.805355182587467,1925.3,-100.20000000000005,Sedang,22.618944000000003,3,True,False,False
Lampung,2018,2488641.91,511940.93,1385.8,76.05,25.5,4.861189571226509,4090654.0,3831923.0,10.315372996199809,1925.3,-539.5,Sedang,21.674249999999997,3,True,False,False
Lampung,2019,2164089.33,464103.42,1706.4,78.03,27.23,4.662946310544318,2488641.91,4090654.0,4.861189571226509,1925.3,-218.89999999999986,Sedang,23.229530999999998,3,True,False,False
Lampung,2020,2604913.29,545149.05,2211.3,75.8,24.58,4.778350599712134,2164089.33,2488641.91,4.662946310544318,1925.3,286.0000000000002,Tinggi,20.90564,3,False,True,False
Riau,1993,436297.0,146133.0,2738.4,86.37,26.0,2.985615843101832,407464.5196428572,407464.5196428572,3.3209302139853167,2464.996428571428,273.4035714285719,Tinggi,25.0473,4,False,True,False
Riau,1994,445361.0,146177.0,1991.3,84.9,26.1,3.046724176854088,436297.0,407464.5196428572,2.985615843101832,2464.996428571428,-473.6964285714282,Sedang,24.705900000000003,4,True,False,False
Riau,1995,458756.0,152204.0,3099.9,85.02,26.17,3.0140863577829755,445361.0,436297.0,3.046724176854088,2464.996428571428,634.9035714285719,Sangat Tinggi,24.800334,4,False,False,True
Riau,1996,461905.0,150354.0,2259.5,84.26,25.94,3.0721164717932345,458756.0,445361.0,3.0140863577829755,2464.996428571428,-205.49642857142817,Tinggi,24.384844,4,False,True,False
Riau,1997,416135.0,137953.0,1510.4,83.82,26.26,3.016498372634158,461905.0,458756.0,3.0721164717932345,2464.996428571428,-954.5964285714281,Sedang,24.525732,4,True,False,False
Riau,1998,370124.0,126280.0,2233.0,84.26,26.73,2.9309787773202407,416135.0,461905.0,3.016498372634158,2464.996428571428,-231.99642857142817,Tinggi,25.050498,4,False,True,False
Riau,1999,461630.0,155683.0,2045.3,84.59,26.08,2.9651920890527546,370124.0,416135.0,2.9309787773202407,2464.996428571428,-419.6964285714282,Tinggi,24.598771999999997,4,False,True,False
Riau,2000,431351.0,141640.0,2478.2,84.6,25.98,3.0454038407229596,461630.0,370124.0,2.9651920890527546,2464.996428571428,13.20357142857165,Tinggi,24.51708,4,False,True,False
Riau,2001,413391.0,132507.0,2441.7,70.79,29.05,3.119767257578845,431351.0,461630.0,3.0454038407229596,2464.996428571428,-23.29642857142835,Tinggi,19.785805000000003,4,False,True,False
Riau,2002,396644.0,129025.0,3123.8,71.73,28.2,3.0741639217205967,413391.0,431351.0,3.119767257578845,2464.996428571428,658.803571428572,Sangat Tinggi,20.658240000000003,4,False,False,True
Riau,2003,414237.0,132887.0,3822.8,72.92,29.64,3.11721236840323,396644.0,413391.0,3.0741639217205967,2464.996428571428,1357.803571428572,Sangat Tinggi,19.950912000000002,4,False,False,True
Riau,2004,454186.0,145239.0,2540.1,83.7,29.6677,3.1271628143955823,414237.0,396644.0,3.11721236840323,2464.996428571428,75.10357142857174,Tinggi,22.877135100000004,4,False,True,False
Riau,2005,424095.0,134418.0,1996.3,83.93,26.58,3.155046199169754,454186.0,414237.0,3.1271628143955823,2464.996428571428,-468.6964285714282,Sedang,24.826494,4,True,False,False
Riau,2006,42938.0,136177.0,537.6,79.6,27.7,0.31531022125615926,424095.0,454186.0,3.155046199169754,2464.996428571428,-1927.3964285714283,Rendah,23.322799999999997,4,False,False,False
Riau,2007,490087.0,147167.0,3216.3,85.3,27.1,3.330141947583358,42938.0,424095.0,0.31531022125615926,2464.996428571428,751.303571428572,Sangat Tinggi,25.5047,4,False,False,True
Riau,2008,494260.0,147796.0,3026.2,80.2,27.4,3.3442041733199814,490087.0,42938.0,3.330141947583358,2464.996428571428,561.2035714285716,Sangat Tinggi,23.739200000000004,4,False,False,True
Riau,2009,531429.0,149423.0,3390.0,76.2,27.7,3.5565408270480448,494260.0,490087.0,3.3442041733199814,2464.996428571428,925.0035714285718,Sangat Tinggi,22.3266,4,False,False,True
Riau,2010,574864.0,156088.0,3390.0,76.2,27.7,3.682948080569935,531429.0,494260.0,3.5565408270480448,2464.996428571428,925.0035714285718,Sangat Tinggi,22.3266,4,False,False,True
Riau,2011,535788.0,145242.0,2405.0,74.5,27.0,3.6889329532779773,574864.0,531429.0,3.682948080569935,2464.996428571428,-59.99642857142817,Tinggi,22.35,4,False,True,False
Riau,2012,512152.0,144015.0,2636.0,76.1,27.3,3.5562406693747177,535788.0,574864.0,3.6889329532779773,2464.996428571428,171.00357142857183,Tinggi,22.601699999999997,4,False,True,False
Riau,2013,434144.0,118518.0,2628.0,76.0,26.0,3.663106026088864,512152.0,535788.0,3.5562406693747177,2464.996428571428,163.00357142857183,Tinggi,22.04,4,False,True,False
Riau,2014,385475.0,106037.0,2343.0,78.1,27.2,3.6352876826013563,434144.0,512152.0,3.663106026088864,2464.996428571428,-121.99642857142817,Tinggi,23.273799999999998,4,False,True,False
Riau,2015,393917.0,107546.0,2048.3,80.5,27.2,3.662776858274599,385475.0,434144.0,3.6352876826013563,2464.996428571428,-416.696428571428,Tinggi,23.989,4,False,True,False
Riau,2016,325826.0,72151.0,2105.6,83.72,27.0,4.515890285650927,393917.0,385475.0,3.662776858274599,2464.996428571428,-359.39642857142826,Tinggi,25.116,4,False,True,False
Riau,2017,337421.0,70016.0,2982.9,84.76,26.7,4.81919846892139,325826.0,393917.0,4.515890285650927,2464.996428571428,517.9035714285719,Tinggi,25.17372,4,False,True,False
Riau,2018,266375.53,71448.08,1837.1,71.22,25.0,3.7282391633197145,337421.0,325826.0,4.81919846892139,2464.996428571428,-627.8964285714283,Sedang,19.941599999999998,4,True,False,False
Riau,2019,230873.97,63142.04,1608.3,83.77,26.91,3.656422408905382,266375.53,337421.0,3.7282391633197145,2464.996428571428,-856.6964285714282,Sedang,25.055607,4,True,False,False
Riau,2020,269344.05,64733.13,2584.9,81.8,25.93,4.160837734866211,230873.97,266375.53,3.656422408905382,2464.996428571428,119.90357142857192,Tinggi,23.66474,4,False,True,False
Sumatera Barat,1993,1806424.0,394412.0,5089.760000000001,87.9148,24.7,4.580043203553644,1990395.5439285713,1990395.5439285713,5.168201781738548,3861.799785714286,1227.9602142857152,Sangat Tinggi,24.352399600000002,5,False,False,True
Sumatera Barat,1994,1747543.0,382740.0,4869.5,75.22,24.49,4.565875006531849,1806424.0,1990395.5439285713,4.580043203553644,3861.799785714286,1007.7002142857141,Sangat Tinggi,20.677978,5,False,False,True
Sumatera Barat,1995,1829192.0,400627.0,5022.0,87.68,24.82,4.565823072334116,1747543.0,1806424.0,4.565875006531849,3861.799785714286,1160.200214285714,Sangat Tinggi,24.392576000000002,5,False,False,True
Sumatera Barat,1996,1971180.0,430343.0,3866.0,87.29,24.52,4.580485798537445,1829192.0,1747543.0,4.565823072334116,3861.799785714286,4.2002142857140825,Sangat Tinggi,24.022208,5,False,False,True
Sumatera Barat,1997,1787719.0,395728.0,2945.1,87.9148,24.69,4.517544879311042,1971180.0,1829192.0,4.580485798537445,3861.799785714286,-916.699785714286,Tinggi,24.343608120000003,5,False,True,False
Sumatera Barat,1998,1807622.0,412810.0,5089.760000000001,87.39,25.04,4.378823187422785,1787719.0,1971180.0,4.517544879311042,3861.799785714286,1227.9602142857152,Sangat Tinggi,24.504156,5,False,False,True
Sumatera Barat,1999,1897678.0,432254.0,4327.5,80.89,23.480800000000002,4.390191877923629,1807622.0,1787719.0,4.378823187422785,3861.799785714286,465.7002142857141,Sangat Tinggi,21.420319120000002,5,False,False,True
Sumatera Barat,2000,1759059.0,396919.0,3040.6,86.01,25.86,4.431783310952612,1897678.0,1807622.0,4.390191877923629,3861.799785714286,-821.199785714286,Sangat Tinggi,24.822486,5,False,False,True
Sumatera Barat,2001,1668955.0,376710.0,2811.0,71.08,28.17,4.430344296673834,1759059.0,1897678.0,4.431783310952612,3861.799785714286,-1050.799785714286,Tinggi,20.492364,5,False,True,False
Sumatera Barat,2002,1875834.0,424253.0,4241.2,71.28,28.19,4.421498492644719,1668955.0,1759059.0,4.430344296673834,3861.799785714286,379.4002142857139,Sangat Tinggi,20.535767999999997,5,False,False,True
Sumatera Barat,2003,1823739.0,411860.0,4927.2,71.91,29.17,4.428055649978148,1875834.0,1668955.0,4.421498492644719,3861.799785714286,1065.400214285714,Sangat Tinggi,20.012552999999997,5,False,False,True
Sumatera Barat,2004,1875188.0,422582.0,4584.2,78.5,29.02,4.4374535593091995,1823739.0,1875834.0,4.428055649978148,3861.799785714286,722.4002142857139,Sangat Tinggi,21.9643,5,False,False,True
Sumatera Barat,2005,1907390.0,426950.0,1533.6,78.0,25.9,4.467478627473943,1875188.0,1823739.0,4.4374535593091995,3861.799785714286,-2328.199785714286,Sedang,22.541999999999998,5,True,False,False
Sumatera Barat,2006,1889489.0,417846.0,776.0,79.0,26.05,4.521974603083432,1907390.0,1875188.0,4.467478627473943,3861.799785714286,-3085.799785714286,Rendah,22.9495,5,False,False,False
Sumatera Barat,2007,1938120.0,423655.0,4329.0,85.3,25.7,4.574760123213464,1889489.0,1907390.0,4.521974603083432,3861.799785714286,467.2002142857141,Sangat Tinggi,24.481099999999998,5,False,False,True
Sumatera Barat,2008,1965634.0,421902.0,2552.5,86.2,25.4,4.6589824177178585,1938120.0,1889489.0,4.574760123213464,3861.799785714286,-1309.299785714286,Tinggi,24.4808,5,False,True,False
Sumatera Barat,2009,2105790.0,439542.0,4691.0,86.2,25.5,4.790873227131878,1965634.0,1938120.0,4.6589824177178585,3861.799785714286,829.2002142857141,Sangat Tinggi,24.567,5,False,False,True
Sumatera Barat,2010,2211248.0,460497.0,5089.760000000001,87.2,25.8,4.8018727592145005,2105790.0,1965634.0,4.790873227131878,3861.799785714286,1227.9602142857152,Sangat Tinggi,25.1136,5,False,False,True
Sumatera Barat,2011,2279602.0,461709.0,4959.5,68.7192,26.0,4.937313329391457,2211248.0,2105790.0,4.8018727592145005,3861.799785714286,1097.700214285714,Sangat Tinggi,19.928568000000002,5,False,False,True
Sumatera Barat,2012,2368390.0,476422.0,4339.0,87.0,25.2,4.971202001586828,2279602.0,2211248.0,4.937313329391457,3861.799785714286,477.2002142857141,Sangat Tinggi,24.534,5,False,False,True
Sumatera Barat,2013,2430384.0,487820.0,4627.9,86.91,25.1,4.982132753884629,2368390.0,2279602.0,4.971202001586828,3861.799785714286,766.1002142857137,Sangat Tinggi,24.42171,5,False,False,True
Sumatera Barat,2014,2519020.0,503198.0,2838.4,85.35,25.7,5.006021486571886,2430384.0,2368390.0,4.982132753884629,3861.799785714286,-1023.3997857142858,Tinggi,24.495449999999998,5,False,True,False
Sumatera Barat,2015,2550609.0,507545.0,3548.0,84.0,26.5,5.025384941236737,2519020.0,2430384.0,5.006021486571886,3861.799785714286,-313.7997857142859,Sangat Tinggi,24.779999999999998,5,False,False,True
Sumatera Barat,2016,2487929.0,222482.0,4205.2,76.49,23.480800000000002,11.182608031211513,2550609.0,2519020.0,5.025384941236737,3861.799785714286,343.4002142857139,Sangat Tinggi,20.255163919999998,5,False,False,True
Sumatera Barat,2017,2810425.0,222021.0,4553.0,75.11,23.480800000000002,12.658374658253049,2487929.0,2550609.0,11.182608031211513,3861.799785714286,691.2002142857141,Sangat Tinggi,19.88972888,5,False,False,True
Sumatera Barat,2018,1483076.48,313050.82,443.514,82.71,26.91,4.737494314820833,2810425.0,2487929.0,12.658374658253049,3861.799785714286,-3418.285785714286,Rendah,24.738560999999997,5,False,False,False
Sumatera Barat,2019,1482996.01,311671.23,4757.5,87.73,25.61,4.758206299631827,1483076.48,2810425.0,4.737494314820833,3861.799785714286,895.7002142857141,Sangat Tinggi,25.099553,5,False,False,True
Sumatera Barat,2020,1450839.74,295664.47,4072.7,85.22,26.26,4.907047979082506,1482996.01,1483076.48,4.758206299631827,3861.799785714286,210.9002142857139,Sangat Tinggi,24.935372,5,False,False,True
Sumatera Selatan,1993,1409559.0,439895.0,2815.0,82.78,26.38,3.2043078461905683,2648642.590714286,2648642.590714286,4.182729018086877,2429.871428571428,385.12857142857183,Tinggi,24.320763999999997,6,False,True,False
Sumatera Selatan,1994,1347611.0,422109.0,1800.0,79.89,26.53,3.192566375035832,1409559.0,2648642.590714286,3.2043078461905683,2429.871428571428,-629.8714285714282,Sedang,23.591517000000003,6,True,False,False
Sumatera Selatan,1995,1557944.0,492448.0,2800.0,82.71,26.54,3.1636721034505166,1347611.0,1409559.0,3.192566375035832,2429.871428571428,370.12857142857183,Tinggi,24.432533999999997,6,False,True,False
Sumatera Selatan,1996,1666591.0,495958.0,2614.0,82.45,26.34,3.360347045515951,1557944.0,1347611.0,3.1636721034505166,2429.871428571428,184.12857142857183,Tinggi,24.190830000000002,6,False,True,False
Sumatera Selatan,1997,1577398.0,469670.0,1558.3,78.47,26.75,3.3585240700917667,1666591.0,1557944.0,3.360347045515951,2429.871428571428,-871.5714285714282,Sedang,23.344825,6,True,False,False
Sumatera Selatan,1998,1931505.0,621829.0,2539.3,82.58,26.19,3.1061674511803083,1577398.0,1666591.0,3.3585240700917667,2429.871428571428,109.42857142857201,Tinggi,24.105102,6,False,True,False
Sumatera Selatan,1999,1789961.0,530692.0,2704.7,81.01,25.67,3.372881068491705,1931505.0,1577398.0,3.1061674511803083,2429.871428571428,274.82857142857165,Tinggi,23.225567,6,False,True,False
Sumatera Selatan,2000,1863643.0,555427.0,2632.5,83.26,25.32,3.3553338242469306,1789961.0,1931505.0,3.372881068491705,2429.871428571428,202.62857142857183,Tinggi,23.579232,6,False,True,False
Sumatera Selatan,2001,1723433.0,511928.0,2837.5,72.06,28.83,3.366553499710897,1863643.0,1789961.0,3.3553338242469306,2429.871428571428,407.62857142857183,Tinggi,20.299302,6,False,True,False
Sumatera Selatan,2002,1899849.0,561724.0,2368.2,70.36,28.23,3.3821752319644522,1723433.0,1863643.0,3.366553499710897,2429.871428571428,-61.67142857142835,Tinggi,20.242572,6,False,True,False
Sumatera Selatan,2003,1977345.0,570010.0,2674.0,69.59,29.64,3.468965456746373,1899849.0,1723433.0,3.3821752319644522,2429.871428571428,244.12857142857183,Tinggi,19.039824000000003,6,False,True,False
Sumatera Selatan,2004,2260794.0,625013.0,2182.6,80.96,28.7,3.6171951623406233,1977345.0,1899849.0,3.468965456746373,2429.871428571428,-247.27142857142826,Tinggi,22.91168,6,False,True,False
Sumatera Selatan,2005,2320110.0,626849.0,1356.9,82.5,27.1,3.701226292137341,2260794.0,1977345.0,3.6171951623406233,2429.871428571428,-1072.971428571428,Sedang,24.667499999999997,6,True,False,False
Sumatera Selatan,2006,2456251.0,646927.0,1442.0,80.0,27.1,3.7967977839849008,2320110.0,2260794.0,3.701226292137341,2429.871428571428,-987.8714285714282,Sedang,23.92,6,True,False,False
Sumatera Selatan,2007,2753044.0,691467.0,2364.7,83.5,27.0,3.981453923325336,2456251.0,2320110.0,3.7967977839849008,2429.871428571428,-65.17142857142835,Tinggi,25.049999999999997,6,False,True,False
Sumatera Selatan,2008,2971286.0,718797.0,2685.7,84.8,26.9,4.133692822869322,2753044.0,2456251.0,3.981453923325336,2429.871428571428,255.82857142857165,Tinggi,25.355199999999996,6,False,True,False
Sumatera Selatan,2009,3125236.0,746465.0,2389.0,82.3,27.4,4.186714715358389,2971286.0,2753044.0,4.133692822869322,2429.871428571428,-40.87142857142817,Tinggi,24.3608,6,False,True,False
Sumatera Selatan,2010,3272451.0,769478.0,3396.0,85.25,27.08,4.252819443830753,3125236.0,2971286.0,4.186714715358389,2429.871428571428,966.1285714285718,Sangat Tinggi,25.506800000000002,6,False,False,True
Sumatera Selatan,2011,3384670.0,784820.0,2593.0,84.8,27.3,4.312670421243087,3272451.0,3125236.0,4.252819443830753,2429.871428571428,163.12857142857183,Tinggi,25.185599999999997,6,False,True,False
Sumatera Selatan,2012,3295247.0,769725.0,3083.0,83.0,27.4,4.281070512195914,3384670.0,3272451.0,4.312670421243087,2429.871428571428,653.1285714285718,Sangat Tinggi,24.568,6,False,False,True
Sumatera Selatan,2013,3676723.0,800036.0,3409.0,84.0,27.3,4.595696943637536,3295247.0,3384670.0,4.281070512195914,2429.871428571428,979.1285714285718,Sangat Tinggi,24.947999999999997,6,False,False,True
Sumatera Selatan,2014,3670435.0,810900.0,1668.3,81.0,26.0,4.526371932420767,3676723.0,3295247.0,4.595696943637536,2429.871428571428,-761.5714285714282,Sedang,23.490000000000002,6,True,False,False
Sumatera Selatan,2015,4247922.0,872737.0,1947.2,79.5,27.7,4.867356374257079,3670435.0,3676723.0,4.526371932420767,2429.871428571428,-482.6714285714281,Sedang,23.2935,6,True,False,False
Sumatera Selatan,2016,4881089.0,615184.0,3477.9,82.22,27.31,7.934356225129392,4247922.0,3670435.0,4.867356374257079,2429.871428571428,1048.028571428572,Sangat Tinggi,24.411118000000002,6,False,False,True
Sumatera Selatan,2017,4807430.0,621903.0,2489.5,81.08,26.75,7.730192650622364,4881089.0,4247922.0,7.934356225129392,2429.871428571428,59.62857142857183,Tinggi,24.121299999999998,6,False,True,False
Sumatera Selatan,2018,2994191.84,581574.61,2252.4,77.66,27.0,5.14842255579211,4807430.0,4881089.0,7.730192650622364,2429.871428571428,-177.47142857142808,Tinggi,23.298,6,False,True,False
Sumatera Selatan,2019,2603396.24,539316.52,1655.5,85.13,27.6,4.827213970749496,2994191.84,4807430.0,5.14842255579211,2429.871428571428,-774.3714285714282,Sedang,25.028219999999997,6,True,False,False
Sumatera Selatan,2020,2696877.46,551320.76,2300.2,81.1,26.14,4.891666803912844,2603396.24,2994191.84,4.827213970749496,2429.871428571428,-129.67142857142835,Tinggi,23.63254,6,False,True,False
Sumatera Utara,1993,2918152.0,754569.0,2549.4,83.8,26.45,3.8673096827460443,3330471.2399999998,3330471.2399999998,4.896575300072523,2216.814785714286,332.5852142857143,Tinggi,24.6791,7,False,True,False
Sumatera Utara,1994,3079960.0,792534.0,2166.5,83.79,26.4,3.8862181307048025,2918152.0,3330471.2399999998,3.8673096827460443,2216.814785714286,-50.31478571428579,Tinggi,24.63426,7,False,True,False
Sumatera Utara,1995,3134533.0,795183.0,2917.1,81.68,26.58,3.9419014239489525,3079960.0,2918152.0,3.8862181307048025,2216.814785714286,700.2852142857141,Tinggi,24.160944,7,False,True,False
Sumatera Utara,1996,3136760.0,790051.0,2326.5,81.31,26.33,3.970325966298378,3134533.0,3079960.0,3.9419014239489525,2216.814785714286,109.68521428571421,Tinggi,23.848223,7,False,True,False
Sumatera Utara,1997,3212208.0,797545.0,1865.0,81.81,26.4,4.0276197581327695,3136760.0,3134533.0,3.970325966298378,2216.814785714286,-351.8147857142858,Sedang,24.05214,7,True,False,False
Sumatera Utara,1998,3321049.0,823749.0,2496.9,83.53,27.16,4.031627352506649,3212208.0,3136760.0,4.0276197581327695,2216.814785714286,280.0852142857143,Tinggi,24.925352,7,False,True,False
Sumatera Utara,1999,3451430.0,838626.0,3087.3,84.56,26.45,4.115577146427609,3321049.0,3212208.0,4.031627352506649,2216.814785714286,870.4852142857144,Sangat Tinggi,24.902919999999998,7,False,False,True
Sumatera Utara,2000,3514253.0,847610.0,1289.5,82.94,27.7,4.146073076060924,3451430.0,3321049.0,4.115577146427609,2216.814785714286,-927.3147857142858,Sedang,24.30142,7,True,False,False
Sumatera Utara,2001,3291515.0,801948.0,3595.3,72.78,28.03,4.104399537127096,3514253.0,3451430.0,4.146073076060924,2216.814785714286,1378.4852142857144,Sangat Tinggi,21.084366,7,False,False,True
Sumatera Utara,2002,3153305.0,765161.0,1944.9,72.31,28.45,4.121100003790052,3291515.0,3514253.0,4.104399537127096,2216.814785714286,-271.9147857142857,Sedang,20.644505000000002,7,True,False,False
Sumatera Utara,2003,3403075.0,825188.0,3140.2,72.08,29.59,4.123999621904342,3153305.0,3291515.0,4.121100003790052,2216.814785714286,923.385214285714,Sangat Tinggi,19.757128,7,False,False,True
Sumatera Utara,2004,3418782.0,826091.0,2406.9,80.79,29.27,4.138505322052898,3403075.0,3153305.0,4.123999621904342,2216.814785714286,190.0852142857143,Tinggi,22.403067000000004,7,False,True,False
Sumatera Utara,2005,3447394.0,822073.0,776.7,83.8,27.0,4.193537556883634,3418782.0,3403075.0,4.138505322052898,2216.814785714286,-1440.1147857142857,Rendah,25.14,7,False,False,False
Sumatera Utara,2006,3007636.0,705023.0,443.514,81.0,27.8,4.266011179777114,3447394.0,3418782.0,4.193537556883634,2216.814785714286,-1773.3007857142857,Rendah,23.652,7,False,False,False
Sumatera Utara,2007,3265834.0,750232.0,2513.0,82.0,27.0,4.353098774779002,3007636.0,3447394.0,4.266011179777114,2216.814785714286,296.1852142857142,Tinggi,24.599999999999998,7,False,True,False
Sumatera Utara,2008,3340794.0,748540.0,2442.0,81.4,26.9,4.463080129318406,3265834.0,3007636.0,4.353098774779002,2216.814785714286,225.1852142857142,Tinggi,24.3386,7,False,True,False
Sumatera Utara,2009,3527899.0,768407.0,2184.0,86.0,27.1,4.591185400445337,3340794.0,3265834.0,4.463080129318406,2216.814785714286,-32.81478571428579,Tinggi,25.714,7,False,True,False
Sumatera Utara,2010,3582302.0,754674.0,1903.3,78.55,27.18,4.746820481426417,3527899.0,3340794.0,4.591185400445337,2216.814785714286,-313.51478571428584,Sedang,23.42361,7,True,False,False
Sumatera Utara,2011,3607403.0,757547.0,2042.0,79.0,27.2,4.7619527237253925,3582302.0,3527899.0,4.746820481426417,2216.814785714286,-174.8147857142858,Tinggi,23.542,7,False,True,False
Sumatera Utara,2012,3715514.0,765099.0,3175.0,76.0,27.3,4.856252589534165,3607403.0,3582302.0,4.7619527237253925,2216.814785714286,958.1852142857142,Sangat Tinggi,22.572,7,False,False,True
Sumatera Utara,2013,3727249.0,742968.0,2627.0,78.67,28.8,5.016701930634967,3715514.0,3607403.0,4.856252589534165,2216.814785714286,410.1852142857142,Tinggi,22.18494,7,False,True,False
Sumatera Utara,2014,3631039.0,717318.0,2148.0,79.0,27.9,5.06196554387315,3727249.0,3715514.0,5.016701930634967,2216.814785714286,-68.81478571428579,Tinggi,22.989,7,False,True,False
Sumatera Utara,2015,4044829.0,781769.0,975.9,86.9,27.4,5.173943965544809,3631039.0,3727249.0,5.06196554387315,2216.814785714286,-1240.9147857142857,Rendah,25.722400000000004,7,False,False,False
Sumatera Utara,2016,4387035.9,423029.0,2384.0,82.0,27.65,10.370532280292842,4044829.0,3631039.0,5.173943965544809,2216.814785714286,167.1852142857142,Tinggi,24.067,7,False,True,False
Sumatera Utara,2017,4669777.5,415675.0,3190.0,84.0,27.5,11.234203404101763,4387035.9,4044829.0,10.370532280292842,2216.814785714286,973.1852142857142,Sangat Tinggi,24.779999999999998,7,False,False,True
Sumatera Utara,2018,2108284.72,408176.45,2431.0,80.0,26.41,5.1651307173650025,4669777.5,4387035.9,11.234203404101763,2216.814785714286,214.1852142857142,Tinggi,23.528000000000002,7,False,True,False
Sumatera Utara,2019,2078901.59,413141.24,1401.6,86.53,27.03,5.031939174118759,2108284.72,4669777.5,5.1651307173650025,2216.814785714286,-815.2147857142859,Sedang,25.933041,7,True,False,False
Sumatera Utara,2020,2076280.01,388591.22,1648.3,83.76,25.79,5.343095528509368,2078901.59,2108284.72,5.031939174118759,2216.814785714286,-568.5147857142858,Sedang,24.114504,7,True,False,False
